Epoch,Training loss,Validation loss
0,0.598460138,0.357236445
1,0.294208705,0.227891818
2,0.187834784,0.12947689
3,0.151134327,0.129977211
4,0.134046808,0.12534605
5,0.12429776,0.114552177
6,0.107503369,0.104354553
7,0.105192624,0.11401698
8,0.094470039,0.096740447
9,0.090125799,0.122122832
10,0.092608601,0.091183051
11,0.086735107,0.087958053
12,0.077174008,0.087254845
13,0.072014309,0.078928351
14,0.069454327,0.080934152
15,0.072994083,0.081730239
16,0.067890607,0.073317282
17,0.063148908,0.076520979
18,0.059429698,0.071357019
19,0.057118513,0.069908604
20,0.055956811,0.074563362
21,0.056580152,0.070931666
22,0.057821967,0.067864768
23,0.051767766,0.063369408
24,0.051496793,0.072442338
25,0.049572956,0.070522472
26,0.046811655,0.060353193
27,0.048774026,0.076838411
28,0.046320509,0.060808435
29,0.043068264,0.060276963
30,0.042475961,0.058688629
31,0.043491498,0.060075864
32,0.047721356,0.061351761
33,0.042250756,0.060123172
34,0.040543925,0.064271882
35,0.03765415,0.058753844
36,0.037976708,0.055313308
37,0.03881263,0.060164411
38,0.037272144,0.060399856
39,0.037222005,0.054557979
40,0.035858791,0.055662636
41,0.047147915,0.067550264
42,0.036732662,0.054271199
43,0.033501126,0.056124784
44,0.033785973,0.053609122
45,0.033359345,0.054988898
46,0.032118753,0.053971495
47,0.031710777,0.054738846
48,0.031002054,0.052659061
49,0.032777894,0.05595969
50,0.030566286,0.053361982
51,0.029706795,0.051185507
52,0.028582808,0.052028645
53,0.033465631,0.052516941
54,0.028298587,0.052068859
55,0.027762787,0.050351333
56,0.027501952,0.051577244
57,0.027478129,0.050417285
58,0.027372852,0.050558701
59,0.027789127,0.053763751
60,0.02664526,0.052355938
61,0.02590806,0.048002861
62,0.026513685,0.050100062
63,0.025281813,0.049771186
64,0.02484162,0.04823311
65,0.025927098,0.049292989
66,0.028069446,0.056832638
67,0.025482299,0.051572803
68,0.023916787,0.047824975
69,0.024432149,0.050379235
70,0.023348656,0.048787698
71,0.026279878,0.094291933
72,0.030486776,0.04930431
73,0.023881456,0.049419768
74,0.023309205,0.048363984
75,0.022869118,0.049604587
76,0.022554703,0.048007913
77,0.023085289,0.049886815
78,0.022605082,0.050203308
79,0.022705242,0.048687119
80,0.022115055,0.046976931
81,0.022283643,0.049207021
82,0.022204263,0.047758617
83,0.022120589,0.047940835
84,0.022284044,0.047744509
85,0.022108933,0.061343737
86,0.029741993,0.052729454
87,0.023910291,0.048896767
88,0.021397468,0.045861393
89,0.020743955,0.047803123
90,0.020570261,0.047008052
91,0.020563914,0.045652263
92,0.020107385,0.046280488
93,0.020927636,0.048756704
94,0.020974651,0.046398811
95,0.020491729,0.048375987
96,0.021374028,0.044645313
97,0.019915584,0.047776647
98,0.020212807,0.051453914
99,0.020793075,0.047294438
100,0.018778337,0.045455843
101,0.018498447,0.044732556
102,0.019234739,0.047602143
103,0.018111262,0.04807378
104,0.018836733,0.048078049
105,0.018447112,0.045836423
106,0.018244943,0.04544476
107,0.01789974,0.044361461
108,0.018530915,0.044632889
109,0.017428476,0.044616736
110,0.017794596,0.0444008
111,0.0175939,0.04544628
112,0.018092861,0.044589993
113,0.017643176,0.044484064
114,0.017826496,0.044528749
115,0.017408639,0.045381598
116,0.016947499,0.04487725
117,0.01721886,0.04578425
118,0.017577289,0.04626051
119,0.017396634,0.043779138
120,0.016756726,0.044796817
121,0.017191391,0.046104565
122,0.016743017,0.044058494
123,0.016348535,0.044208478
124,0.017269887,0.046145581
125,0.016155556,0.046653338
126,0.016846631,0.045956954
127,0.01647287,0.04577747
128,0.016031893,0.046136294
129,0.017785527,0.044306837
130,0.015711045,0.045533177
131,0.016498268,0.048154153
132,0.015874442,0.044826265
133,0.015735043,0.045723338
134,0.015628351,0.043927647
135,0.016107989,0.044740744
136,0.015470096,0.044138029
137,0.015339138,0.044814263
138,0.015784703,0.04474758
139,0.01635796,0.043931261
140,0.015700156,0.043668367
141,0.015299906,0.044348024
142,0.015505778,0.044028286
143,0.015164438,0.044673577
144,0.015237958,0.044498678
145,0.014932062,0.045091406
146,0.015314719,0.046845261
147,0.019816089,0.043021254
148,0.015191371,0.044852294
149,0.014853029,0.045852471
150,0.015094529,0.043055627
151,0.014270626,0.042941246
152,0.013574729,0.043777816
153,0.014156141,0.04419826
154,0.014183273,0.042924177
155,0.013880848,0.043838315
156,0.014143258,0.045132011
157,0.014035285,0.044585086
158,0.014043022,0.042845447
159,0.013724462,0.044488244
160,0.014164336,0.043170519
161,0.013887595,0.044457301
162,0.013998172,0.044316929
163,0.013527273,0.044148438
164,0.013876554,0.043063033
165,0.014080917,0.044201378
166,0.013692116,0.042765211
167,0.013165406,0.043769684
168,0.013877011,0.042206697
169,0.01407822,0.044426031
170,0.013711285,0.044758148
171,0.013184855,0.044010807
172,0.014006657,0.045484904
173,0.013172133,0.042553294
174,0.01357902,0.042934936
175,0.012904589,0.043782808
176,0.013431245,0.043383855
177,0.013412179,0.044054322
178,0.017819449,0.045325633
179,0.013141446,0.044637304
180,0.012809844,0.042897191
181,0.012955425,0.043751068
182,0.013580495,0.044549655
183,0.013230523,0.043451436
184,0.012533179,0.043113317
185,0.013075322,0.044344056
186,0.013195725,0.043189347
187,0.013275264,0.042791873
188,0.012638925,0.044627137
189,0.012936343,0.04501142
190,0.012862108,0.044276673
191,0.01277259,0.044643354
192,0.013401228,0.044024471
193,0.013854668,0.042128339
194,0.012448116,0.043562014
195,0.012875642,0.043200269
196,0.012742532,0.043053899
197,0.012187259,0.043986447
198,0.012793642,0.044362593
199,0.012672079,0.043500986
200,0.011966169,0.044939689
201,0.011837231,0.043334771
202,0.011920532,0.044201337
203,0.011970114,0.044342671
204,0.012027145,0.041527394
205,0.011989568,0.043916687
206,0.011691386,0.042963784
207,0.01190625,0.042000487
208,0.011581718,0.041215014
209,0.011509437,0.043179922
210,0.011731265,0.043487214
211,0.011352303,0.04440603
212,0.011653395,0.042085808
213,0.011420639,0.044219188
214,0.011690932,0.043749474
215,0.011283068,0.042111617
216,0.011721319,0.044063192
217,0.011663779,0.043521043
218,0.011579922,0.042651232
219,0.011441161,0.044391014
220,0.011715225,0.042798143
221,0.011599978,0.043645233
222,0.01167084,0.04326893
223,0.011352515,0.042499218
224,0.011483666,0.043889921
225,0.011332325,0.042455696
226,0.011656155,0.042914666
227,0.011262699,0.043437615
228,0.011340398,0.04334823
229,0.011525261,0.04322423
230,0.011468566,0.043914773
231,0.011470292,0.042785723
232,0.011025665,0.042650871
233,0.012896792,0.043743994
234,0.011330039,0.042961746
235,0.010710281,0.043238435
236,0.010940417,0.042518537
237,0.010990079,0.042875994
238,0.01099607,0.044237912
239,0.010805622,0.042734031
240,0.010937667,0.041463133
241,0.011282021,0.042630054
242,0.010955235,0.04345376
243,0.01106471,0.042274661
244,0.010871174,0.04321098
245,0.010802537,0.043270163
246,0.011480772,0.04326522
247,0.010782941,0.043786045
248,0.01093864,0.042438604
249,0.010652605,0.042927004
250,0.010563529,0.042594563
251,0.010702346,0.043506723
252,0.010198835,0.042490229
253,0.010012524,0.043023326
254,0.010490496,0.041234478
255,0.010513604,0.043158609
256,0.01047903,0.042261291
257,0.010039054,0.04193195
258,0.010452716,0.043252252
259,0.01012432,0.042416073
260,0.010346496,0.043668028
261,0.01036231,0.043311708
262,0.009864029,0.042817391
263,0.010292834,0.04398768
264,0.010336625,0.042401679
265,0.010585897,0.042803951
266,0.010067381,0.042050336
267,0.00984297,0.04306969
268,0.010158413,0.042032279
269,0.009965907,0.041481536
270,0.010015149,0.04177757
271,0.010253006,0.042439882
272,0.009793139,0.043290921
273,0.010342402,0.042297754
274,0.009879018,0.043960586
275,0.00961451,0.0416473
276,0.009941723,0.042827733
277,0.009692651,0.042566266
278,0.0098742,0.042058829
279,0.009972759,0.042438366
280,0.009736285,0.041425463
281,0.009821726,0.042083457
282,0.010044365,0.041896563
283,0.009504017,0.042398538
284,0.009762916,0.042549476
285,0.009444878,0.042608432
286,0.009857626,0.042679705
287,0.009521347,0.042906363
288,0.009759618,0.043729793
289,0.009797448,0.042521901
290,0.009651724,0.042616356
291,0.009712302,0.041671511
292,0.00988922,0.041567743
293,0.009471717,0.042274181
294,0.009903893,0.041646246
295,0.009690606,0.042193372
296,0.009474203,0.043951433
297,0.009592886,0.041772045
298,0.009675109,0.042642627
299,0.009923709,0.041446451
300,0.009008348,0.042214416
301,0.009603729,0.042244963
302,0.009469851,0.04124428
303,0.009223797,0.04147432
304,0.009343441,0.04146678
305,0.009255613,0.043235991
306,0.009004884,0.041588448
307,0.009123599,0.041999202
308,0.009168592,0.042339854
309,0.008875447,0.04212958
310,0.008807538,0.042295001
311,0.009544767,0.042449817
312,0.008874245,0.041300248
313,0.00884805,0.041670047
314,0.009028744,0.042617556
315,0.009368723,0.042389374
316,0.008901241,0.041720897
317,0.009269757,0.042739119
318,0.008717511,0.04109231
319,0.009069438,0.041790314
320,0.009003682,0.042388022
321,0.008891035,0.04155558
322,0.008903996,0.042401597
323,0.008956197,0.041609008
324,0.009099443,0.041265555
325,0.009015676,0.041457117
326,0.008873504,0.041813936
327,0.008841621,0.042168237
328,0.008937352,0.041568346
329,0.008864249,0.041283879
330,0.008847989,0.043439861
331,0.00891535,0.040825043
332,0.008979671,0.041617811
333,0.00868619,0.041393328
334,0.009091575,0.041849129
335,0.008683023,0.042247854
336,0.008592194,0.041717611
337,0.008545679,0.041740812
338,0.00889264,0.041966204
339,0.008653411,0.042248432
340,0.009354427,0.042393588
341,0.00904505,0.041247021
342,0.008808044,0.041031141
343,0.008869981,0.042242303
344,0.008935252,0.042574935
345,0.008752589,0.04287412
346,0.008676996,0.042530436
347,0.008375047,0.042094853
348,0.008861933,0.042307429
349,0.008776219,0.042301055
350,0.008371054,0.041507509
351,0.008429248,0.04219735
352,0.008214359,0.042013548
353,0.008321714,0.04138343
354,0.008311974,0.041472226
355,0.008149434,0.042406008
356,0.008293717,0.04155485
357,0.008469275,0.041651029
358,0.008305307,0.042298928
359,0.008160803,0.042227153
360,0.008172813,0.042040166
361,0.008396716,0.041628081
362,0.008297459,0.041840203
363,0.008311259,0.042268422
364,0.008342289,0.042551149
365,0.008426688,0.04198264
366,0.00808056,0.041782543
367,0.0083057,0.041890569
368,0.008172586,0.042493802
369,0.008137873,0.042476848
370,0.007976443,0.042000812
371,0.008047101,0.042302318
372,0.008283175,0.041113846
373,0.007944361,0.042438649
374,0.008004884,0.041681625
375,0.008141224,0.042585362
376,0.008094741,0.041376319
377,0.008055247,0.042377472
378,0.008181707,0.041751795
379,0.008178699,0.041890826
380,0.008393489,0.042650171
381,0.007934041,0.041332759
382,0.008235519,0.041140907
383,0.008074232,0.041882735
384,0.008006755,0.041469913
385,0.007967203,0.041100133
386,0.007985183,0.041954786
387,0.008340427,0.042063925
388,0.007969681,0.04146944
389,0.008119672,0.042089008
390,0.007885871,0.042036489
391,0.007998778,0.041100379
392,0.008055005,0.041397955
393,0.007774911,0.042114485
394,0.007953393,0.041688766
395,0.007850497,0.042365652
396,0.007840614,0.042418294
397,0.007834838,0.041861363
398,0.007816325,0.042905822
399,0.007917332,0.041571952
400,0.007500212,0.041559067
401,0.007540684,0.040407427
402,0.007503336,0.041809507
403,0.007540556,0.041747075
404,0.007888303,0.041567661
405,0.007661829,0.042413808
406,0.007577103,0.041279413
407,0.007706586,0.040127795
408,0.007593944,0.041037343
409,0.007307658,0.040479127
410,0.007521147,0.041555747
411,0.0078258,0.041294225
412,0.007504596,0.041217033
413,0.007578399,0.041562963
414,0.007373674,0.040687334
415,0.007644838,0.042563926
416,0.00752565,0.040944505
417,0.007576652,0.041440934
418,0.007669813,0.041603595
419,0.007446466,0.041306637
420,0.007844437,0.041490823
421,0.007355873,0.041403208
422,0.007484143,0.041675549
423,0.007481999,0.041831069
424,0.007579072,0.041611053
425,0.007275258,0.041236948
426,0.007895195,0.041495502
427,0.007320961,0.042289224
428,0.007560425,0.040812396
429,0.007377123,0.041115582
430,0.007449147,0.041502532
431,0.007239479,0.042551775
432,0.00763685,0.041237295
433,0.007376716,0.040873732
434,0.007268327,0.040434897
435,0.007648394,0.041520763
436,0.007762031,0.040989477
437,0.00729345,0.041636251
438,0.00708748,0.041082222
439,0.007415037,0.041292369
440,0.007316884,0.041568488
441,0.0073579,0.041530304
442,0.007496912,0.040571887
443,0.007118414,0.041202433
444,0.00711386,0.041157063
445,0.007375853,0.040941074
446,0.00751513,0.041578118
447,0.007579012,0.041808784
448,0.007339265,0.041499093
449,0.007321562,0.041547723
450,0.007117772,0.0422136
451,0.007019283,0.041939635
452,0.007103894,0.041034613
453,0.007067163,0.04117525
454,0.007025818,0.041202001
455,0.006875603,0.041862313
456,0.007138025,0.041117478
457,0.00730641,0.041429281
458,0.006980852,0.040824275
459,0.00697477,0.041670859
460,0.006852399,0.040926635
461,0.007132793,0.041993726
462,0.007174424,0.040208336
463,0.006843255,0.040579535
464,0.006869471,0.040759142
465,0.00684941,0.040853512
466,0.007255189,0.04125268
467,0.006831565,0.041146465
468,0.007184813,0.041431908
469,0.006927188,0.041371815
470,0.006975015,0.041408077
471,0.006999124,0.041565813
472,0.006927793,0.041292131
473,0.006874092,0.042870201
474,0.006934488,0.041634314
475,0.007019235,0.041939475
476,0.006923007,0.041961994
477,0.006933027,0.041782681
478,0.007118772,0.041522827
479,0.006902822,0.041103192
480,0.006907041,0.041672818
481,0.006948617,0.040907964
482,0.006654185,0.041836709
483,0.00697761,0.041329484
484,0.006863515,0.041020293
485,0.007226744,0.040796723
486,0.006911997,0.041620281
487,0.00689919,0.0412292
488,0.006862648,0.041123752
489,0.006851524,0.041840069
490,0.006990457,0.041539062
491,0.006762582,0.041923329
492,0.006850485,0.040761143
493,0.006890023,0.041121922
494,0.006672577,0.041844215
495,0.007165806,0.041711081
496,0.006843403,0.041180979
497,0.007055881,0.04115073
498,0.006631121,0.041377578
499,0.006885244,0.04115152
500,0.006679946,0.041050438
501,0.00654354,0.041256666
502,0.006609116,0.040880434
503,0.006796299,0.041386742
504,0.006646907,0.041530412
505,0.006648876,0.042070799
506,0.006356001,0.041431911
507,0.006751785,0.041502878
508,0.006601437,0.04198879
509,0.006547324,0.041398086
510,0.006652306,0.042473093
511,0.006508782,0.041272659
512,0.006670265,0.040794495
513,0.006519421,0.041068371
514,0.006607732,0.042053007
515,0.006483925,0.040925637
516,0.006516807,0.041703902
517,0.00660066,0.041299988
518,0.006563597,0.041226998
519,0.006602833,0.041199632
520,0.006539871,0.040919226
521,0.006586859,0.041262951
522,0.006380717,0.04083652
523,0.006344102,0.040955782
524,0.00643531,0.041770857
525,0.006392576,0.041138552
526,0.006563286,0.041176356
527,0.006490889,0.04105562
528,0.006430365,0.041684899
529,0.006801802,0.04046933
530,0.006397363,0.040725991
531,0.00665916,0.042476438
532,0.006523494,0.040928066
533,0.006492718,0.040524546
534,0.006591174,0.040432896
535,0.006583425,0.041114382
536,0.006300925,0.041022446
537,0.006728014,0.041124515
538,0.006327709,0.040385719
539,0.006695434,0.041380152
540,0.006565689,0.041496255
541,0.00650515,0.042100675
542,0.006441657,0.041360751
543,0.00651936,0.041307546
544,0.00645012,0.041404899
545,0.006372477,0.041522503
546,0.006419789,0.041451417
547,0.00651874,0.041679241
548,0.006327412,0.040768079
549,0.006735526,0.042258985
550,0.006344387,0.040952519
551,0.006074386,0.041637555
552,0.006161679,0.041063063
553,0.006311106,0.041320384
554,0.006159523,0.040898569
555,0.006156166,0.041073263
556,0.006063918,0.040833909
557,0.006099519,0.04083088
558,0.006116773,0.040931202
559,0.006361772,0.040936962
560,0.006245882,0.040760856
561,0.006194046,0.041000392
562,0.00610639,0.040986452
563,0.006177165,0.041901801
564,0.006293443,0.041311111
565,0.006192884,0.041291337
566,0.006289337,0.041697379
567,0.006205109,0.041335486
568,0.00609785,0.041010063
569,0.006242027,0.040859308
570,0.006091203,0.040667873
571,0.006041975,0.041622128
572,0.0061018,0.041084588
573,0.006134733,0.041446965
574,0.0060972,0.040809687
575,0.006058028,0.040514428
576,0.006145102,0.041346125
577,0.006118305,0.04068869
578,0.006058002,0.041319337
579,0.006198978,0.040287703
580,0.006241142,0.040849309
581,0.006192056,0.040603828
582,0.006053005,0.041058548
583,0.00622076,0.041350003
584,0.006099047,0.040709894
585,0.006118326,0.041108523
586,0.006190456,0.040846188
587,0.006137636,0.041022617
588,0.006156425,0.041519068
589,0.006068171,0.041795723
590,0.00620969,0.041388854
591,0.006080208,0.04106326
592,0.00618705,0.041313615
593,0.005987803,0.041771386
594,0.006040039,0.040930178
595,0.006099261,0.04098849
596,0.006219572,0.041200314
597,0.006118569,0.040352568
598,0.006132454,0.041250709
599,0.006053013,0.041074198
600,0.00588074,0.041156109
601,0.005907733,0.04099695
602,0.005813987,0.040830955
603,0.005866779,0.041028656
604,0.005958685,0.040673397
605,0.005816035,0.041214269
606,0.005785325,0.041002478
607,0.005846279,0.04149219
608,0.005851082,0.040685903
609,0.005846836,0.040638737
610,0.005913797,0.041410074
611,0.005779992,0.041510317
612,0.005735865,0.04113695
613,0.005779576,0.041771833
614,0.005782947,0.041118439
615,0.005770322,0.041357838
616,0.005783844,0.041161176
617,0.005816728,0.040687047
618,0.005897721,0.041426416
619,0.005928313,0.041196518
620,0.005770336,0.040473834
621,0.005753871,0.040237159
622,0.005862582,0.040434714
623,0.005821539,0.040944181
624,0.005850921,0.041199379
625,0.005810054,0.040790252
626,0.005877415,0.041349679
627,0.005702287,0.041061543
628,0.005807615,0.041072331
629,0.005852631,0.040923901
630,0.005827842,0.04144847
631,0.005687951,0.04062885
632,0.005695966,0.040587448
633,0.005811276,0.041173954
634,0.005843495,0.041528653
635,0.005983665,0.040278975
636,0.005742296,0.040651333
637,0.00573082,0.041003149
638,0.005918859,0.041091949
639,0.005684667,0.040523719
640,0.005854126,0.040921982
641,0.005716382,0.041247886
642,0.005888482,0.041626118
643,0.005870346,0.0414887
644,0.005761078,0.041267689
645,0.005730534,0.040864591
646,0.005728262,0.041209448
647,0.005758948,0.040659826
648,0.005752932,0.040379014
649,0.0057643,0.040971935
650,0.005521434,0.041688282
651,0.005422688,0.040326755
652,0.005656005,0.041260488
653,0.005511241,0.04076368
654,0.005612938,0.040936284
655,0.005664843,0.041076276
656,0.005523663,0.0411672
657,0.005670594,0.041196123
658,0.005490735,0.040818777
659,0.005597102,0.041183878
660,0.005558638,0.040760633
661,0.005472876,0.040548977
662,0.005512735,0.04074274
663,0.00557616,0.041111447
664,0.005725866,0.041267913
665,0.005460669,0.041428011
666,0.005646646,0.040954091
667,0.005564132,0.040563092
668,0.005523525,0.041327592
669,0.005500467,0.040787235
670,0.005507695,0.040869661
671,0.005537747,0.041075584
672,0.005498143,0.04110083
673,0.005611672,0.041872185
674,0.005558008,0.041190095
675,0.005592803,0.041238509
676,0.005586165,0.040679246
677,0.005512523,0.041465208
678,0.005451837,0.041167445
679,0.005505815,0.040874224
680,0.005452841,0.041248526
681,0.005682454,0.041049536
682,0.005583201,0.041114949
683,0.005475827,0.041501842
684,0.005625863,0.041247904
685,0.005484205,0.041324813
686,0.005456896,0.04129687
687,0.005672745,0.040931992
688,0.005487251,0.041235216
689,0.005498316,0.040815342
690,0.005543665,0.041201174
691,0.005374504,0.040871188
692,0.005454923,0.040926166
693,0.005498394,0.040824343
694,0.005553121,0.040783633
695,0.00546703,0.041209303
696,0.005413103,0.040790003
697,0.005486533,0.040811229
698,0.005360838,0.040873285
699,0.005592126,0.041508801
700,0.005290733,0.041674059
701,0.005361252,0.04158416
702,0.005432322,0.040847626
703,0.005276634,0.040435638
704,0.005332943,0.04096495
705,0.00524823,0.041174408
706,0.005437922,0.041308984
707,0.005450714,0.040675662
708,0.005440276,0.041262846
709,0.005318927,0.041111495
710,0.005200352,0.041208986
711,0.005302407,0.041142721
712,0.00529668,0.040913541
713,0.005349144,0.040612116
714,0.005279502,0.041455183
715,0.005319769,0.040868096
716,0.005343737,0.040867604
717,0.005212279,0.041113574
718,0.005261182,0.041068897
719,0.005262451,0.040997919
720,0.005363833,0.041051075
721,0.005241964,0.040811688
722,0.005212045,0.04130774
723,0.005289149,0.040887091
724,0.005214542,0.041732691
725,0.005246645,0.041368563
726,0.005289786,0.040788967
727,0.005383707,0.040539041
728,0.00528707,0.041475989
729,0.00539081,0.040542707
730,0.005221005,0.040695064
731,0.005237742,0.041245583
732,0.005197471,0.040998608
733,0.005310173,0.041184697
734,0.005263171,0.041212004
735,0.005288661,0.041176878
736,0.005288106,0.04117712
737,0.00521365,0.040667702
738,0.005147925,0.041475832
739,0.005320248,0.0408177
740,0.005140832,0.041050192
741,0.005297097,0.041109249
742,0.005333085,0.041804485
743,0.005243774,0.040990815
744,0.005214965,0.041066606
745,0.005228707,0.040788334
746,0.005296761,0.041666172
747,0.00537338,0.041165438
748,0.005262599,0.041267481
749,0.005123019,0.04142727
750,0.005187803,0.041682109
751,0.005089791,0.041157179
752,0.005166701,0.040620241
753,0.005021699,0.04113977
754,0.005212286,0.041609764
755,0.00511617,0.041220348
756,0.005072378,0.041015122
757,0.005133976,0.040773369
758,0.005094163,0.041196883
759,0.005060135,0.041287545
760,0.005091406,0.041499648
761,0.00505807,0.041183356
762,0.005109807,0.041051511
763,0.005026544,0.040964495
764,0.005123329,0.04103151
765,0.004987459,0.041545983
766,0.005038191,0.041267961
767,0.005078212,0.041215748
768,0.005082294,0.041145626
769,0.005104756,0.041061793
770,0.005134111,0.040933393
771,0.005001538,0.040656444
772,0.005111561,0.041427355
773,0.005114221,0.041199449
774,0.005010629,0.040799364
775,0.005086171,0.04102464
776,0.005036151,0.041273747
777,0.005047296,0.041049797
778,0.005092346,0.041021999
779,0.005239761,0.041212015
780,0.005041206,0.040895633
781,0.005084298,0.041442633
782,0.005137429,0.040932532
783,0.005089798,0.041552447
784,0.005018159,0.04136546
785,0.005036385,0.041446611
786,0.004987864,0.040928226
787,0.005046073,0.040879905
788,0.004988641,0.041057672
789,0.00506077,0.041379098
790,0.005033219,0.041141633
791,0.005050628,0.040826149
792,0.005127628,0.041264836
793,0.0050768,0.040881392
794,0.005037963,0.040836647
795,0.004989413,0.04108401
796,0.004970697,0.040993787
797,0.004932452,0.041314289
798,0.005017817,0.041186556
799,0.005040255,0.041359246
800,0.004936799,0.041076522
801,0.004942631,0.041254856
802,0.004987125,0.041205775
803,0.00494777,0.040992238
804,0.004985683,0.041763458
805,0.004991746,0.040733051
806,0.004989781,0.041228179
807,0.004853844,0.041067991
808,0.004853533,0.04102812
809,0.005001972,0.040986285
810,0.004888108,0.041139845
811,0.004907198,0.041056849
812,0.004908209,0.040716715
813,0.004926486,0.04110897
814,0.004934521,0.040972158
815,0.004894948,0.040795837
816,0.004941193,0.041065086
817,0.004925777,0.041372985
818,0.004951044,0.041138683
819,0.004935756,0.041095801
820,0.004944887,0.041058958
821,0.004885977,0.040986679
822,0.004984808,0.04149767
823,0.004959256,0.041206244
824,0.004948698,0.041115966
825,0.00483626,0.041091558
826,0.004823058,0.041152176
827,0.004853085,0.041253205
828,0.004929852,0.0408343
829,0.004876226,0.041521721
830,0.004867494,0.041674607
831,0.004888521,0.04092795
832,0.004896,0.040756434
833,0.004788666,0.040958498
834,0.005029846,0.041295398
835,0.004920309,0.04078253
836,0.004927547,0.041132536
837,0.004789851,0.041204475
838,0.004900871,0.041129589
839,0.004900758,0.041710913
840,0.004919157,0.041098893
841,0.004994703,0.040920138
842,0.004830108,0.041177168
843,0.004847727,0.040954154
844,0.004822601,0.041078031
845,0.004845066,0.040777631
846,0.004892639,0.040946893
847,0.004885332,0.041205473
848,0.0048268,0.041377142
849,0.004860682,0.040597633
850,0.004733575,0.041247699
851,0.004772177,0.040620223
852,0.004868205,0.041694511
853,0.004745563,0.040996935
854,0.004727037,0.041212764
855,0.004781378,0.041778658
856,0.004652531,0.041155588
857,0.004750421,0.041139983
858,0.004736695,0.041251197
859,0.004777246,0.040917225
860,0.004804128,0.041256059
861,0.004713306,0.040870059
862,0.004726382,0.040672831
863,0.004681138,0.041286282
864,0.004818093,0.040976245
865,0.004724772,0.041205965
866,0.004723355,0.04091756
867,0.004778276,0.041017435
868,0.00474678,0.041688219
869,0.004755046,0.041453674
870,0.004763831,0.041298635
871,0.004715015,0.041305322
872,0.004627606,0.041208185
873,0.004716607,0.04102033
874,0.004828651,0.041361105
875,0.004794493,0.041410513
876,0.004724286,0.040846918
877,0.004756757,0.041341543
878,0.00469472,0.041248452
879,0.004721242,0.041438639
880,0.004694644,0.041468259
881,0.004765776,0.041418824
882,0.00470166,0.040896356
883,0.004688032,0.041166998
884,0.004730673,0.040953603
885,0.004691468,0.041066531
886,0.004703476,0.041472815
887,0.004679926,0.040642817
888,0.004661635,0.04112462
889,0.004639933,0.040947698
890,0.004793521,0.041733835
891,0.004815919,0.041179653
892,0.00472112,0.041070923
893,0.004749946,0.041339535
894,0.004680895,0.041500483
895,0.004682319,0.041340843
896,0.004701935,0.041248783
897,0.004747531,0.040973119
898,0.004769726,0.041483637
899,0.004634452,0.041360337
900,0.00468979,0.04118729
901,0.00466746,0.040779218
902,0.0046078,0.041195564
903,0.004589698,0.041298736
904,0.004604758,0.041416384
905,0.004643365,0.04135336
906,0.004565205,0.041282512
907,0.00459612,0.040852688
908,0.004593963,0.041166719
909,0.004612872,0.041049227
910,0.004628947,0.041095283
911,0.004674016,0.040773578
912,0.004540209,0.040992998
913,0.004595948,0.041173466
914,0.004652909,0.041124206
915,0.004650947,0.041204449
916,0.004553024,0.041092809
917,0.004556581,0.04162325
918,0.004623548,0.041163828
919,0.004632206,0.041021969
920,0.004509863,0.041178279
921,0.004590321,0.04092025
922,0.004601445,0.041028712
923,0.00461661,0.041036591
924,0.004645953,0.041470069
925,0.004565407,0.041446906
926,0.004576295,0.041023131
927,0.004582436,0.041289344
928,0.004619522,0.041045886
929,0.004526915,0.040797275
930,0.004497904,0.040925018
931,0.004559286,0.04055487
932,0.004574385,0.041033771
933,0.004625833,0.041920669
934,0.004581196,0.041141693
935,0.004591457,0.04084361
936,0.004508606,0.041023131
937,0.004566829,0.040952481
938,0.004599932,0.041132882
939,0.004540707,0.041273259
940,0.004569326,0.041251272
941,0.004670285,0.041701406
942,0.004560473,0.041230783
943,0.004516732,0.041080326
944,0.004546293,0.041285045
945,0.004545607,0.040775917
946,0.004515403,0.04083477
947,0.004534866,0.041193545
948,0.004581731,0.041244086
949,0.004607277,0.040746957
950,0.004437824,0.040687233
951,0.004463348,0.040932771
952,0.004519848,0.041199312
953,0.004472535,0.041364085
954,0.004421018,0.041321572
955,0.004453997,0.041233022
956,0.004459827,0.041220956
957,0.004439286,0.04094718
958,0.004476089,0.041460115
959,0.004537733,0.040794227
960,0.004527722,0.040945508
961,0.004440483,0.040888544
962,0.004466512,0.04145579
963,0.00441703,0.041034579
964,0.004462196,0.041193388
965,0.004427822,0.041279066
966,0.004462266,0.041320071
967,0.004446507,0.040795323
968,0.004454121,0.041153334
969,0.004406255,0.040928971
970,0.004536666,0.041364525
971,0.004352973,0.040706761
972,0.004495054,0.041093815
973,0.004498932,0.041446052
974,0.004487578,0.041160729
975,0.004471762,0.041248843
976,0.004430122,0.041394897
977,0.00444729,0.041257724
978,0.004453513,0.041290786
979,0.004495269,0.041068107
980,0.004464925,0.041264333
981,0.004524164,0.041124299
982,0.004453615,0.040913083
983,0.004387361,0.04136892
984,0.004412435,0.041188218
985,0.004403493,0.041133847
986,0.004429752,0.040984221
987,0.004465666,0.041401085
988,0.004450601,0.041118596
989,0.00445163,0.041341629
990,0.004504905,0.041248161
991,0.00437556,0.041261759
992,0.004392266,0.040864896
993,0.004414256,0.040975388
994,0.004441541,0.040632393
995,0.004505437,0.041179921
996,0.004486578,0.040721852
997,0.004473403,0.041286044
998,0.004446737,0.041401234
999,0.004474659,0.041451316
1000,0.00437501,0.0411551
